Species Name,Location,Tissue Voucher,Specimen Voucher,MB
Bathyplotes bongraini,Amundsen Sea,MOLAF767,NMV no voucher,HM196536
Bathyplotes bongraini,Antarctic Peninsula,MOLSI030,USNM 1132646,HM196537
Bathyplotes bongraini,Ross Sea,MOLG006,MNA 2336,HM196538
Bathyplotes bongraini,South Shetland Islands,MOLSI023,USNM 1132643,HM196539
Bathyplotes bongraini,Ross Sea,MOLN002,NIWA 36224,HM196540
Bathyplotes bongraini,Bouvet Island,MOLAF048,NMV F104841-1,HM196541
Bathyplotes bongraini,Ross Sea,MOLN001,NIWA 36811,HM196542
Bathyplotes bongraini,Bouvet Island,MOLAF047,NMV F104863-2,HM196543
Bathyplotes bongraini,Ross Sea,MOLG004,MNA 2102,HM196544
Bathyplotes bongraini,Ross Sea,MOLG005,MNA 2094,HM196545
Bathyplotes bongraini,Ross Sea,MOLN003,NIWA 36560,HM196546
Bathyplotes moseleyi complex,Falkland Islands,MOLAF051,NMV F104995-1,HM196547
Bathyplotes moseleyi complex,Ross Sea,MOLN007,NIWA 38924,HM196548
Bathyplotes moseleyi complex,South Shetland Islands,MOLAF049,NMV F104903-1,HM196549
Bathyplotes moseleyi complex,Bouvet Island,MOLAF615,NMV F104840-1,HM196550
Bathyplotes moseleyi complex,Ross Sea,MOLG011,MNA 2136,HM196551
Bathyplotes moseleyi complex,Bouvet Island,MOLAF616,NMV F104839-1,HM196552
Bathyplotes moseleyi complex,Ross Sea,MOLN010,NIWA 38859,HM196553
Bathyplotes moseleyi complex,Ross Sea,MOLN193,NIWA 35624,HM196554
Bathyplotes moseleyi complex,Ross Sea,MOLN140a,NIWA 38858,HM196555
Bathyplotes moseleyi complex,Ross Sea,MOLN140b,NIWA 38858,HM196556
Bathyplotes moseleyi complex,Amundsen Sea,MOLAF766,NMV no voucher,HM196557
Bathyplotes moseleyi complex,Ross Sea,MOLN004,NIWA 37008,HM196558
Bathyplotes moseleyi complex,Ross Sea,MOLN005,NIWA 35689,HM196559
Bathyplotes moseleyi complex,Ross Sea,MOLN008,NIWA 39274,HM196560
Bathyplotes moseleyi complex,Ross Sea,MOLN009,NIWA 37756,HM196561
Bathyplotes moseleyi complex,Ross Sea,MOLN013,NIWA 38938,HM196562
Bathyplotes moseleyi complex,Ross Sea,MOLG001,MNA 2194,HM196563
Bathyplotes moseleyi complex,Amundsen Sea,MOLAF743,NMV F168838,HM196564
Benthodytes sanguinolenta,Ross Sea,MOLN108,NIWA 38034,HM196505
Benthodytes sanguinolenta,Northwest Australia,MOLAF380,NMV F146604,HM196506
Benthodytes sanguinolenta,Northwest Australia,MOLAF381,NMV F149726,HM196507
Benthodytes sanguinolenta,Northwest Australia,MOLAF382,NMV F150790,HM196508
Crucella hystrix,Amundsen Sea,MOLAF793,NMV no voucher,HM196710
Crucella hystrix,Ross Sea,MOLN170,NIWA 38641,HM196711
Crucella hystrix,Ross Sea,MOLN169,NIWA 42202,HM196712
Crucella hystrix,Ross Sea,MOLN171,NIWA 37784,HM196713
Crucella scotiae,South Shetland Islands,MOLSI068,USNM 1132679,HM196719
Crucella scotiae,Ross Sea,MOLG098,MNA 2288,HM196720
Crucella scotiae,Ross Sea,MOLN192,NIWA 36602,HM196721
Crucella scotiae,Ross Sea,MOLG097,MNA 2274,HM196722
Crucella scotiae,Ross Sea,MOLG099,MNA 2111,HM196723
Cucamba psolidiformis,Ross Sea,MOLN189,NIWA 35777,HM196675
Cucamba psolidiformis,Bouvet Island,MOLAF518,NMV F104888,HM196676
Cucamba psolidiformis,Bouvet Island,MOLAF519,NMV F104988,HM196677
Cucamba psolidiformis,Bouvet Island,MOLAF520,NMV F160034,HM196678
Cucamba psolidiformis,Ross Sea,MOLN191,NIWA 36609,HM196679
Cucamba psolidiformis,Ross Sea,MOLN190,NIWA 36719,HM196680
Cucamba psolidiformis,South Sandwich Islands,MOLAF521,NMV F104885,HM196681
Cucamba psolidiformis,South Shetland Islands,MOLSI054,USNM 1132670,HM196682
Cucamba psolidiformis,South Shetland Islands,MOLSI055,USNM 1132670,HM196683
Cucumaria dudexa,Ross Sea,MOLN185,NIWA 38640,HM196706
Cucumaria dudexa,Ross Sea,MOLN186,NIWA 38908,HM196707
Cucumaria dudexa,Ross Sea,MOLN183,NIWA 38870,HM196708
Cucumaria dudexa,Ross Sea,MOLN184,NIWA 39125,HM196709
Cucumaria georgiana,Ross Sea,MOLN151,NIWA 42155,HM196430
Cucumaria georgiana,South Shetland Islands,MOLSI058,USNM 1132672,HM196431
Cucumaria georgiana,Ross Sea,MOLG095,MNA 2423,HM196432
Cucumaria georgiana,Ross Sea,MOLN152,NIWA 42185,HM196433
Cucumaria georgiana,Ross Sea,MOLG087,MNA 2089,HM196434
Cucumaria georgiana,Ross Sea,MOLN147,NIWA 42167,HM196435
Cucumaria georgiana,Ross Sea,MOLN148,NIWA 42191,HM196436
Cucumaria georgiana,Ross Sea,MOLN149,NIWA 42197,HM196437
Cucumaria georgiana,Ross Sea,MOLG096,MNA 2391,HM196456
Cucumaria georgiana,Ross Sea,MOLG092,MNA 2078,HM196457
Cucumaria georgiana,Ross Sea,MOLG093,MNA 2075,HM196458
Cucumaria georgiana,Ross Sea,MOLG086,MNA 2074,HM196459
Cucumaria georgiana,South Sandwich Islands,MOLAF525,NMV F160027,HM196460
Cucumaria georgiana,South Shetland Islands,MOLAF524,NMV F104811,HM196461
Elpidia glacialis,Amundsen Sea,MOLAF740,NMV no voucher,HM196413
Elpidia glacialis,Amundsen Sea,MOLAF759,NMV no voucher,HM196414
Elpidia glacialis,Amundsen Sea,MOLAF731,NMV no voucher,HM196415
Elpidia glacialis,Amundsen Sea,MOLAF753,NMV F168835,HM196416
Elpidia glacialis,Amundsen Sea,MOLAF757,NMV no voucher,HM196417
Elpidia glacialis,South Shetland Islands,MOLAF729,NMV no voucher,HM196418
Elpidia glacialis,Amundsen Sea,MOLAF732,NMV no voucher,HM196419
Elpidia glacialis,Amundsen Sea,MOLAF758,NMV no voucher,HM196420
Elpidia glacialis,Amundsen Sea,MOLAF747,NMV F168837,HM196421
Elpidia glacialis,Amundsen Sea,MOLAF760,NMV no voucher,HM196422
Elpidia glacialis,Amundsen Sea,MOLAF745,NMV F168837,HM196423
Elpidia glacialis,Amundsen Sea,MOLAF752,NMV F168835,HM196424
Elpidia glacialis,Amundsen Sea,MOLAF739,NMV no voucher,HM196425
Elpidia glacialis,Amundsen Sea,MOLAF741,NMV no voucher,HM196426
Elpidia glacialis,Amundsen Sea,MOLAF751,NMV F168835,HM196427
Elpidia glacialis,Amundsen Sea,MOLAF728,NMV F168834,HM196428
Elpidia glacialis,Amundsen Sea,MOLAF746,NMV F168837,HM196429
Heterocucumis steineni,Ross Sea,MOLN195,NIWA 35396,HM196616
Heterocucumis steineni,Amundsen Sea,MOLAF785,NMV no voucher,HM196617
Heterocucumis steineni,South Shetland Islands,MOLSI043,USNM 1132662,HM196618
Heterocucumis steineni,Ross Sea,MOLN194,NIWA 36744,HM196619
Heterocucumis steineni,Ross Sea,MOLN196,NIWA 42196,HM196620
Heterocucumis steineni,Ross Sea,MOLN197,NIWA 35675,HM196621
Heterocucumis steineni,Amundsen Sea,MOLAF786,NMV no voucher,HM196622
Heterocucumis steineni,Ross Sea,MOLG107,MNA 2388,HM196623
Heterocucumis steineni,South Shetland Islands,MOLSI065,USNM 1132677,HM196624
Heterocucumis steineni,Ross Sea,MOLG106,MNA 2041,HM196625
Heterocucumis steineni,South Shetland Islands,MOLSI026,USNM 1132644,HM196626
Heterocucumis steineni,Amundsen Sea,MOLAF784,NMV no voucher,HM196627
Heterocucumis steineni,South Shetland Islands,MOLSI037,USNM 1132658,HM196628
Heterocucumis steineni,South Shetland Islands,MOLSI050,USNM 1132668,HM196629
Heterocucumis steineni,South Shetland Islands,MOLSI038,USNM 1132658,HM196630
Laetmogone wyvillethomsoni,Ross Sea,MOLN092,NIWA 37403,HM196492
Laetmogone wyvillethomsoni,Ross Sea,MOLN088,NIWA 37797,HM196493
Laetmogone wyvillethomsoni,Ross Sea,MOLN095,NIWA 37416,HM196494
Laetmogone wyvillethomsoni,Ross Sea,MOLN089,NIWA 37724,HM196495
Laetmogone wyvillethomsoni,Ross Sea,MOLN091,NIWA 37724,HM196496
Laetmogone wyvillethomsoni,Ross Sea,MOLN093,NIWA 37416,HM196497
Laetmogone wyvillethomsoni,Ross Sea,MOLN094,NIWA 37416,HM196498
Laetmogone wyvillethomsoni,Ross Sea,MOLN084,NIWA 38449,HM196499
Laetmogone wyvillethomsoni,Ross Sea,MOLN086,NIWA 37807,HM196500
Laetmogone wyvillethomsoni,Ross Sea,MOLN090,NIWA 37724,HM196501
Laetmogone wyvillethomsoni,Ross Sea,MOLN085,NIWA 38031,HM196502
Laetmogone wyvillethomsoni,Ross Sea,MOLN087,NIWA 38035,HM196503
Laetmogone wyvillethomsoni,Mairie Byrd Seamounts,MOLAF715,NMV no voucher,HM196504
Mesothuria bifurcata,Ross Sea,MOLN153,NIWA 37783,HM196483
Mesothuria bifurcata,Amundsen Sea,MOLAF770,NMV no voucher,HM196484
Mesothuria bifurcata,Amundsen Sea,MOLAF769,NMV no voucher,HM196485
Mesothuria bifurcata,Amundsen Sea,MOLAF773,NMV no voucher,HM196486
Mesothuria bifurcata,Amundsen Sea,MOLAF768,NMV no voucher,HM196487
Mesothuria bifurcata,Amundsen Sea,MOLAF771,NMV no voucher,HM196488
Mesothuria bifurcata,Amundsen Sea,MOLAF775,NMV no voucher,HM196489
Mesothuria bifurcata,Amundsen Sea,MOLAF772,NMV no voucher,HM196490
Mesothuria bifurcata,Amundsen Sea,MOLAF774,NMV no voucher,HM196491
Molpadia musculus,South Shetland Islands,MOLAF808,NMV no voucher,HM196480
Molpadia musculus,Ross Sea,MOLN136,NIWA 36024,HM196462
Molpadia musculus,Amundsen Sea,MOLAF812,NMV F168646,HM196463
Molpadia musculus,Ross Sea,MOLN137,NIWA 35931,HM196464
Molpadia musculus,Northwest Australia,MOLAF419,NMV F149740,HM196465
Molpadia musculus,Northwest Australia,MOLAF417,NMV F149745,HM196466
Molpadia musculus,Western Australia,MOLAF232,NMV F112128-5,HM196467
Molpadia musculus,Western Australia,MOLAF230,NMV F112133-12,HM196468
Molpadia musculus,Heard Island,MOLAF667,NMV F165737-1,HM196469
Molpadia musculus,Ross Sea,MOLN128,NIWA 35920,HM196470
Molpadia musculus,Ross Sea,MOLN129,NIWA 36770,HM196471
Molpadia musculus,Ross Sea,MOLN131,NIWA 36387,HM196472
Molpadia musculus,Ross Sea,MOLN132,NIWA 36129,HM196473
Molpadia musculus,Ross Sea,MOLN133,NIWA 36677,HM196474
Molpadia musculus,Ross Sea,MOLN134,NIWA 36908,HM196475
Molpadia musculus,South Shetland Islands,MOLAF574,NMV F104825-1,HM196476
Molpadia musculus,South Shetland Islands,MOLSI033,USNM 1132655,HM196477
Molpadia musculus,South Shetland Islands,MOLAF809,NMV no voucher,HM196478
Molpadia musculus,South Shetland Islands,MOLAF807,NMV F168644,HM196479
Molpadiodemas crinitus,Ross Sea,MOLN016,NIWA 36266,HM196529
Molpadiodemas crinitus,Amundsen Sea,MOLAF765,NMV no voucher,HM196532
Molpadiodemas crinitus,Ross Sea,MOLN015,NIWA 36303,HM196533
Molpadiodemas crinitus,Ross Sea,MOLN014,NIWA 36111,HM196534
Molpadiodemas crinitus,Ross Sea,MOLN017,NIWA 36803,HM196535
Molpadiodemas involutus,New Zealand,NIWAMOL705,NIWA MOL705,HM196530
Molpadiodemas involutus,Southeast Australia,MOLAF238,NMV F123844-1,HM196531
Molpadiodemas morbillus,South Sandwich Islands,MOLAF057,NMV F106961-2,HM196525
Molpadiodemas morbillus,South Sandwich Islands,MOLAF056,NMV F106955-1,HM196526
Molpadiodemas morbillus,South Sandwich Islands,MOLAF045,NMV F104878-3,HM196527
Molpadiodemas morbillus,South Sandwich Islands,MOLAF044,NMV F105001-2,HM196528
Pannychia moseleyi,Chatman Islands,MOLN217,NIWA 30638,HM196509
Pannychia moseleyi,Southeast Australia,MOLAF325,NMV F136932-1,HM196510
Pannychia moseleyi,Chatman Islands,MOLN218,NIWA 30657,HM196511
Pannychia moseleyi,Southeast Australia,MOLAF324,NMV F136931-2,HM196512
Pannychia moseleyi,Southeast Australia,MOLAF323,NMV F136933-1,HM196513
Pannychia moseleyi,Southeast Australia,MOLAF320,NMV F136935-1,HM196514
Pannychia moseleyi,Southeast Australia,MOLAF322,NMV F136934-1,HM196515
Pannychia moseleyi,Southeast Australia,MOLAF321,NMV F136937-1,HM196516
Pannychia moseleyi,Ross Sea,MOLG078,MNA 2326,HM196517
Pannychia moseleyi,Ross Sea,MOLN080,NIWA 39109,HM196518
Pannychia moseleyi,Ross Sea,MOLG077,MNA 2099,HM196519
Pannychia moseleyi,Ross Sea,MOLG080,MNA 2325,HM196520
Pannychia moseleyi,Ross Sea,MOLG079,MNA 2323,HM196521
Pannychia moseleyi,Ross Sea,MOLN083,NIWA 39110,HM196522
Pannychia moseleyi,Ross Sea,MOLN082,NIWA 38480,HM196523
Pannychia moseleyi,Ross Sea,MOLN081,NIWA 38202,HM196524
Paracaudina sp,Heard Island,MOLAF666,NMV F165736-1,HM196481
Paracaudina sp,Southeast Australia,MOLAF556,NMV F161541-1,HM196482
Paracucumis turricata,Amundsen Sea,MOLAF791,NMV no voucher,HM196714
Paracucumis turricata,Ross Sea,MOLN201,NIWA 36025,HM196715
Paracucumis turricata,Amundsen Sea,MOLAF792,NMV no voucher,HM196716
Paracucumis turricata,Ross Sea,MOLN200,NIWA 36490,HM196717
Paracucumis turricata,Ross Sea,MOLN202,NIWA 36007,HM196718
Peniagone incerta,Ross Sea,MOLN114,NIWA 39048,HM196398
Peniagone incerta,Ross Sea,MOLN115,NIWA 39048,HM196399
Peniagone incerta,South Sandwich Islands,MOLAF720,NMV no voucher,HM196400
Peniagone incerta,Powell Basin,MOLAF764,NMV no voucher,HM196401
Peniagone incerta,Powell Basin,MOLAF761,NMV no voucher,HM196402
Peniagone vignoni,Amundsen Sea,MOLAF748,NMV no voucher,HM196381
Peniagone vignoni,Bellingshausen Sea,MOLAF744,NMV no voucher,HM196390
Peniagone vignoni,Amundsen Sea,MOLAF749,NMV no voucher,HM196391
Peniagone vignoni,Ross Sea,MOLG075,MNA 2324,HM196392
Peniagone vignoni,Ross Sea,MOLN096,NIWA 35933,HM196393
Peniagone vignoni,Bellingshausen Sea,MOLAF727,NMV no voucher,HM196394
Peniagone vignoni,Bellingshausen Sea,MOLAF738,NMV no voucher,HM196395
Peniagone vignoni,Ross Sea,MOLN099,NIWA 36394,HM196396
Peniagone vignoni,Ross Sea,MOLN097,NIWA 36330,HM196397
Peniagone vignoni,Amundsen Sea,MOLAF721,NMV no voucher,HM196382
Peniagone vignoni,Ross Sea,MOLG073,MNA 2135,HM196383
Peniagone vignoni,Ross Sea,MOLN098,NIWA 36418,HM196384
Peniagone vignoni,Ross Sea,MOLG074,MNA 2137,HM196385
Peniagone vignoni,Bellingshausen Sea,MOLAF755,NMV no voucher,HM196386
Peniagone vignoni,Bellingshausen Sea,MOLAF724,NMV no voucher,HM196387
Peniagone vignoni,Amundsen Sea,MOLAF725,NMV no voucher,HM196388
Peniagone vignoni,Bellingshausen Sea,MOLAF763,NMV no voucher,HM196389
Protelpidia murrayi,South Sandwich Islands,MOLAF718,NMV no voucher,HM196403
Protelpidia murrayi,South Shetland Islands,MOLAF742,NMV no voucher,HM196404
Protelpidia murrayi,Powell Basin,MOLAF722,NMV no voucher,HM196405
Protelpidia murrayi,Ross Sea,MOLN076,NIWA 36464,HM196406
Protelpidia murrayi,Powell Basin,MOLAF719,NMV no voucher,HM196407
Protelpidia murrayi,Powell Basin,MOLAF726,NMV no voucher,HM196408
Protelpidia murrayi,Ross Sea,MOLN077,NIWA 36885,HM196409
Protelpidia murrayi,Ross Sea,MOLN078,NIWA 36023,HM196410
Protelpidia murrayi,Ross Sea,MOLN079,NIWA 36463,HM196411
Protelpidia murrayi,South Shetland Islands,MOLSI071,USNM1132682,HM196412
Psolicrux coatsi,Bouvet Island,MOLAF497,NMV F104891,HM196565
Psolicrux coatsi,Bouvet Island,MOLAF498,NMV F104838,HM196566
Psolicrux coatsi,Bouvet Island,MOLAF499,NMV F104989,HM196567
Psolicrux coatsi,Ross Sea,MOLN159,NIWA 42181,HM196568
Psolicrux coatsi,Ross Sea,MOLG064,MNA 2405,HM196569
Psolicrux coatsi,Ross Sea,MOLN160,NIWA 35759,HM196570
Psolicrux coatsi,Ross Sea,MOLG063,MNA 2355,HM196571
Psolicrux coatsi,Ross Sea,MOLN161,NIWA 35615,HM196572
Psolicrux coatsi,South Shetland Islands,MOLSI067,USNM 1132678,HM196573
Psolicrux coatsi,South Georgia,MOLAF500,NMV F160026,HM196574
Psolidiella mollis,Ross Sea,MOLG056,MNA 2258,HM196438
Psolidiella mollis,Ross Sea,MOLG058,MNA 2407,HM196439
Psolidiella mollis,Ross Sea,MOLG059,MNA 2257,HM196440
Psolidiella mollis,Ross Sea,MOLN178,NIWA 36241,HM196441
Psolidiella mollis,Ross Sea,MOLN179,NIWA 36502,HM196442
Psolidiella mollis,Ross Sea,MOLN177,NIWA 36901,HM196443
Psolidiella mollis,Ross Sea,MOLN180,NIWA 36439,HM196444
Psolidiella mollis,Ross Sea,MOLG057,MNA 2044,HM196445
Psolidiella mollis,Bouvet Island,MOLAF494,NMV F104865,HM196446
Psolidiella mollis,Bouvet Island,MOLAF495,NMV F157414,HM196447
Psolidiella mollis,Bouvet Island,MOLAF496,NMV F160029,HM196448
Psolidiella mollis,South Georgia,MOLAF493,NMV F105000,HM196449
Psolidiella mollis,South Sandwich Islands,MOLAF491,NMV F104993,HM196450
Psolidiella mollis,South Sandwich Islands,MOLAF492,NMV F104993,HM196451
Psolidiella mollis,South Shetland Islands,MOLSI045,USNM 1132664,HM196452
Psolidiella mollis,South Shetland Islands,MOLAF489,NMV F160030,HM196453
Psolidiella mollis,South Shetland Islands,MOLSI032,USNM 1132653,HM196454
Psolidiella mollis,South Shetland Islands,MOLAF490,NMV F104827,HM196455
Psolidium gaini,South Shetland Islands,MOLAF274,NMV F104812,HM196724
Psolidium gaini,Ross Sea,MOLN166,NIWA 42192,HM196725
Psolidium gaini,Ross Sea,MOLN067,NIWA 45696,HM196726
Psolidium gaini,Ross Sea,MOLN070,NIWA 45696,HM196727
Psolidium gaini,Ross Sea,MOLN071,NIWA 45696,HM196728
Psolidium tenue complex,Amundsen Sea,MOLAF708,NMV no voucher,HM196729
Psolidium tenue complex,Ross Sea,MOLG024,MNA 2308,HM196730
Psolidium tenue complex,Amundsen Sea,MOLAF712,NMV no voucher,HM196731
Psolidium tenue complex,Ross Sea,MOLN059,NIWA 36003,HM196732
Psolidium tenue complex,Ross Sea,MOLN061,NIWA 36027,HM196733
Psolidium tenue complex,Antarctic Peninsula,MOLSI007,USNM 1132586,HM196734
Psolidium tenue complex,Amundsen Sea,MOLAF709,NMV no voucher,HM196735
Psolidium tenue complex,Amundsen Sea,MOLAF713,NMV no voucher,HM196736
Psolidium tenue complex,Heard Island,MOLAF688,NMV F165743-8,HM196737
Psolidium tenue complex,Heard Island,MOLAF687,NMV F165743-8,HM196738
Psolidium tenue complex,Heard Island,MOLAF689,NMV F165743-8,HM196739
Psolidium tenue complex,Amundsen Sea,MOLAF710,NMV no voucher,HM196740
Psolidium tenue complex,South Shetland Islands,MOLAF278,NMV F104849,HM196741
Psolidium tenue complex,Bouvet Island,MOLAF277,NMV F104857,HM196742
Psolidium tenue complex,Bouvet Island,MOLAF276,NMV F104837,HM196743
Psolidium tenue complex,South Shetland Islands,MOLAF628,NMV F104835-1,HM196744
Psolidium tenue complex,Ross Sea,MOLG013,MNA 2145,HM196745
Psolidium tenue complex,Ross Sea,MOLG023,MNA 2308,HM196746
Psolidium tenue complex,Ross Sea,MOLG020,MNA 2307,HM196747
Psolidium tenue complex,Ross Sea,MOLN060,NIWA 38872,HM196748
Psolidium tenue complex,Ross Sea,MOLG019,MNA 2307,HM196749
Psolidium tenue complex,Ross Sea,MOLN062,NIWA 38956,HM196750
Psolidium tenue complex,Ross Sea,MOLG018,MNA 2307,HM196751
Psolidium tenue complex,Ross Sea,MOLG021,MNA 2308,HM196752
Psolidium tenue complex,Ross Sea,MOLN064,NIWA 39181,HM196753
Psolidium tenue complex,Ross Sea,MOLN066,NIWA 45699,HM196754
Psolidium tenue complex,Ross Sea,MOLG022,MNA 2308,HM196755
Psolidium tenue complex,Amundsen Sea,MOLAF711,NMV no voucher,HM196756
Psolidium tenue complex,South Shetland Islands,MOLAF275,NMV F104834,HM196757
Psolidium tenue complex,Ross Sea,MOLN188,NIWA 37147,HM196758
Psolidium tenue complex,Ross Sea,MOLN065,NIWA 38624,HM196759
Psolidium tenue complex,Ross Sea,MOLN063,NIWA 39084,HM196760
Psolus antarcticus complex,Heard Island,MOLAF680,NMV F165741-8,HM196604
Psolus antarcticus complex,Ross Sea,MOLN043,NIWA 38483,HM196605
Psolus antarcticus complex,Bouvet Island,MOLAF273,NMV F104836,HM196606
Psolus antarcticus complex,Ross Sea,MOLG035,MNA 2191,HM196607
Psolus antarcticus complex,Ross Sea,MOLG037,MNA 2188,HM196608
Psolus antarcticus complex,Ross Sea,MOLG036,MNA 2189,HM196609
Psolus antarcticus complex,Ross Sea,MOLN042,NIWA 38740,HM196610
Psolus antarcticus complex,Ross Sea,MOLN041,NIWA 38595,HM196611
Psolus antarcticus complex,Ross Sea,MOLN044,NIWA 37897,HM196612
Psolus antarcticus complex,Chatman Islands,MOLN037,NIWA 30629,HM196613
Psolus antarcticus complex,Tristan da Cunha Island,MOLAF305,NMV F104810,HM196614
Psolus antarcticus complex,Tristan da Cunha Island,MOLAF304,NMV F104810,HM196615
Psolus charcoti,South Shetland Islands,MOLSI046,USNM 1132665,HM196639
Psolus charcoti,South Shetland Islands,MOLAF516,NMV F104828,HM196640
Psolus charcoti,South Shetland Islands,MOLSI052,USNM 1132669,HM196641
Psolus charcoti,South Shetland Islands,MOLSI053,USNM 1132669,HM196642
Psolus charcoti,South Shetland Islands,MOLAF290,NMV F104853,HM196643
Psolus charcoti,South Shetland Islands,MOLAF517,NMV F104814,HM196644
Psolus charcoti,South Sandwich Islands,MOLAF639,NMV F104900-1,HM196645
Psolus charcoti,South Shetland Islands,MOLSI036,USNM 1132657,HM196646
Psolus charcoti,Ross Sea,MOLN055,NIWA 35683,HM196647
Psolus charcoti,Ross Sea,MOLG110,MNA 2268,HM196648
Psolus charcoti,Ross Sea,MOLG112,MNA 2239,HM196649
Psolus charcoti,Ross Sea,MOLN157,NIWA 42172,HM196650
Psolus charcoti,Bouvet Island,MOLAF636,NMV F104871-1,HM196651
Psolus charcoti,Bouvet Island,MOLAF288,NMV F104901,HM196652
Psolus charcoti,Bouvet Island,MOLAF515,NMV F104821,HM196653
Psolus charcoti,Bouvet Island,MOLAF635,NMV F104860-1,HM196654
Psolus charcoti,Bouvet Island,MOLAF638,NMV F104859-2,HM196655
Psolus charcoti,South Sandwich Islands,MOLAF293,NMV F105010,HM196656
Psolus charcoti,South Orkney Islands,MOLAF707,NMV no voucher,HM196657
Psolus dubiosus complex,South Shetland Islands,MOLAF296,NMV F104855,HM196575
Psolus dubiosus complex,Antarctic Peninsula,MOLSI013,USNM 1132589,HM196576
Psolus dubiosus complex,South Shetland Islands,MOLSI001,USNM 1132584,HM196577
Psolus dubiosus complex,South Shetland Islands,MOLSI002,USNM 1132584,HM196578
Psolus dubiosus complex,South Shetland Islands,MOLSI003,USNM 1132584,HM196579
Psolus dubiosus complex,South Shetland Islands,MOLSI004,USNM 1132584,HM196580
Psolus dubiosus complex,Antarctic Peninsula,MOLSI009,USNM 1132587,HM196581
Psolus dubiosus complex,Antarctic Peninsula,MOLSI008,USNM 1132587,HM196582
Psolus dubiosus complex,Antarctic Peninsula,MOLSI010,USNM 1132587,HM196583
Psolus dubiosus complex,Antarctic Peninsula,MOLSI011,USNM 1132587,HM196584
Psolus dubiosus complex,South Georgia,MOLAF302,NMV F105013,HM196585
Psolus dubiosus complex,Bouvet Island,MOLAF625,NMV F 104890-2,HM196586
Psolus dubiosus complex,Bouvet Island,MOLAF298,NMV F104819,HM196587
Psolus dubiosus complex,Bouvet Island,MOLAF633,NMV F104898-1,HM196588
Psolus dubiosus complex,Ross Sea,MOLN047,NIWA 35504,HM196589
Psolus dubiosus complex,Ross Sea,MOLN203,NIWA 42176,HM196590
Psolus dubiosus complex,Ross Sea,MOLN045,NIWA 37027,HM196591
Psolus dubiosus complex,Ross Sea,MOLG031,MNA 2162,HM196592
Psolus dubiosus complex,Ross Sea,MOLG029,MNA 2425,HM196593
Psolus dubiosus complex,Ross Sea,MOLN049,NIWA 36566,HM196594
Psolus dubiosus complex,Ross Sea,MOLN056,NIWA 45697,HM196595
Psolus dubiosus complex,Ross Sea,MOLN051,NIWA 36881,HM196596
Psolus dubiosus complex,Ross Sea,MOLN052,NIWA 36881,HM196597
Psolus dubiosus complex,Ross Sea,MOLN053,NIWA 36900,HM196598
Psolus dubiosus complex,Ross Sea,MOLN054,NIWA 36900,HM196599
Psolus dubiosus complex,Ross Sea,MOLN050,NIWA 45697,HM196600
Psolus dubiosus complex,Ross Sea,MOLN158,NIWA 42173,HM196601
Psolus dubiosus complex,Ross Sea,MOLN057,NIWA 37381,HM196602
Psolus dubiosus complex,Ross Sea,MOLN058,NIWA 37402,HM196603
Psolus koehleri,South Shetland Islands,MOLSI022,USNM 1132642,HM196631
Psolus koehleri,South Shetland Islands,MOLSI006,USNM 1132585,HM196632
Psolus koehleri,South Shetland Islands,MOLAF287,NMV F104815,HM196633
Psolus koehleri,South Shetland Islands,MOLSI016,USNM 1132591,HM196634
Psolus koehleri,Antarctic Peninsula,MOLSI012,USNM 1132588,HM196635
Psolus koehleri,South Georgia,MOLAF285,NMV F105012,HM196636
Psolus koehleri,South Georgia,MOLAF284,NMV F106969,HM196637
Psolus koehleri,South Shetland Islands,MOLSI005,USNM 1132585,HM196638
Staurocucumis liouvillei,South Georgia,MOLAF541,NMV F104802,HM196658
Staurocucumis liouvillei,Ross Sea,MOLN172,NIWA 36028,HM196659
Staurocucumis liouvillei,South Shetland Islands,MOLSI035,USNM 1132656,HM196660
Staurocucumis liouvillei,Ross Sea,MOLN173,NIWA 42158,HM196661
Staurocucumis liouvillei,Heard Island,MOLAF700,NMV F165748-2,HM196662
Staurocucumis liouvillei,Bouvet Island,MOLAF537,NMV F160028,HM196663
Staurocucumis liouvillei,Amundsen Sea,MOLAF788,NMV no voucher,HM196664
Staurocucumis liouvillei,Ross Sea,MOLN174,NIWA 36562,HM196665
Staurocucumis liouvillei,Bouvet Island,MOLAF539,NMV F104986,HM196666
Staurocucumis liouvillei,Amundsen Sea,MOLAF783,NMV no voucher,HM196667
Staurocucumis liouvillei,Amundsen Sea,MOLAF781,NMV no voucher,HM196668
Staurocucumis liouvillei,Amundsen Sea,MOLAF787,NMV no voucher,HM196669
Staurocucumis liouvillei,Falkland Islands,MOLAF540,NMV F104800,HM196670
Staurocucumis liouvillei,Ross Sea,MOLN175,NIWA 36904,HM196671
Staurocucumis liouvillei,South Shetland Islands,MOLSI056,USNM 1132671,HM196672
Staurocucumis liouvillei,South Shetland Islands,MOLSI057,USNM 1132671,HM196673
Staurocucumis liouvillei,South Shetland Islands,MOLSI048,USNM 1132667,HM196674
Trachythyone bouvetensis,Bouvet Island,MOLAF487,NMV F104862,HM196684
Trachythyone bouvetensis,Bouvet Island,MOLAF486,NMV F104991,HM196685
Trachythyone bouvetensis,Bouvet Island,MOLAF488,NMV F104887,HM196686
Trachythyone bouvetensis,South Georgia,MOLAF482,NMV F104801,HM196687
Trachythyone bouvetensis,South Georgia,MOLAF481,NMV F104801,HM196688
Trachythyone bouvetensis,South Georgia,MOLAF484,NMV F105015,HM196689
Trachythyone bouvetensis,South Georgia,MOLAF485,NMV F105015,HM196690
Trachythyone bouvetensis,South Sandwich Islands,MOLAF479,NMV F104994,HM196691
Trachythyone bouvetensis,Ross Sea,MOLG046,MNA 2196,HM196692
Trachythyone bouvetensis,Ross Sea,MOLN154,NIWA 36903,HM196693
Trachythyone bouvetensis,Ross Sea,MOLN187,NIWA 42171,HM196694
Trachythyone bouvetensis,Ross Sea,MOLN181,NIWA 35740,HM196695
Trachythyone bouvetensis,Ross Sea,MOLN155,NIWA 35760,HM196696
Trachythyone bouvetensis,South Shetland Islands,MOLSI041,USNM 1132660,HM196697
Trachythyone bouvetensis,South Shetland Islands,MOLSI061,USNM 1132675,HM196698
Trachythyone bouvetensis,Amundsen Sea,MOLAF790,NMV F168655,HM196699
Trachythyone bouvetensis,Amundsen Sea,MOLAF814,NMV F168654,HM196700
Trachythyone bouvetensis,Ross Sea,MOLN156,NIWA 36716,HM196701
Trachythyone bouvetensis,South Shetland Islands,MOLAF483,NMV F104856,HM196702
Trachythyone bouvetensis,South Shetland Islands,MOLAF780,NMV F168647,HM196703
Trachythyone bouvetensis,South Shetland Islands,MOLSI062,USNM 1132675,HM196704
Trachythyone bouvetensis,South Shetland Islands,MOLSI063,USNM 1132675,HM196705
